Workbook

Sheet Instructions
A1: Independent review of the reference process plan and operation-family verdicts
A2: Manuscript JII-D-26-01583, motor-shaft remanufacturing case (Journal of Industrial Information Integration).
A4: Purpose
A5: The manuscript scores a knowledge-based process planner against a reference process plan for the replacement shaft and against the operation family that each physical feature requires. Both references were drafted by the authors. This workbook asks an experienced process planner who is not an author to confirm or correct them, so that the manuscript can state that the references were independently reviewed.
A7: How to answer
A8: Fill only the yellow cells. In each 'Reviewer verdict' cell choose Agree, Agree with change, or Disagree from the list; for 'Agree with change' or 'Disagree', write the correction in 'Reviewer comment'. The grey italic row under each header is an example of the expected format and is not part of the review. Sheet 'Summary' counts the answers automatically.
A10: What to review (about 1 to 2 hours)
A11: 1. Physical reference: does each feature of the replacement shaft require the stated operation family?
A12: 2. Reference plan: are the operations, set-ups, machines, and tools sound practice for this shaft?
A13: 3. Judgements J01 to J17: the assumptions behind the plan.
A14: 4. Step verdicts: is each planned step's operation family correct (Correct) or not (Wrong) for the physical feature?
A16: Context
... A25: Signature or e-mail confirmation

Sheet Physical reference
A1: Physical reference
A2: Operation family that each feature of the physical replacement shaft requires. Families use the planner's own vocabulary (turning, facing, grooving, chamfering, drilling, counterboring, milling, tapping).
A4: Id | B4: Feature of the replacement shaft | C4: Required operation family | D4: Auxiliary family accepted | E4: B-Rep feature | F4: Drawing feature | G4: Reviewer verdict | H4: Reviewer comment
A5: P00 | B5: example: shoulder face | C5: facing | D5: none | E5: R00 | F5: D00 | G5: Agree with change | H5: should be turned in the finishing contour
A6: P01 | B6: lower body Ø24.95 x 37.5 | C6: turning | D6: facing | E6: R01 | F6: D02
A7: P02 | B7: chamfer 0.5 x 45 deg at the shoulder | C7: chamfering | D7: none | E7: R02 | F7: none
A8: P03 | B8: relief groove Ø23.6 x 1.75 | C8: grooving | D8: none | E8: R03 | F8: D03
A9: P04 | B9: 15 deg conical transition Ø23.6 to Ø24 | C9: chamfering | D9: none | E9: R04 | F9: none
A10: P05 | B10: upper body (shaft extension) Ø24 j6 x 46.5 | C10: turning | D10: facing | E10: R05 | F10: D01
A11: P06 | B11: end chamfer 1 x 45 deg, Ø24 to Ø22 | C11: chamfering | D11: none | E11: R10 | F11: D06
A12: P07a | B12: centre hole: tap drill Ø6.8 x 19, 118 deg point | C12: drilling | D12: none | E12: R07 | F12: D05a
A13: P07b | B13: centre hole: counterbore Ø8.4 (thread relief) | C13: counterboring | D13: drilling | E13: R08 | F13: D05b
A14: P07c | B14: centre hole: 60 deg countersink to Ø12.2 | C14: chamfering | D14: none | E14: R09 | F14: D05c
A15: P07d | B15: centre hole: M8 thread | C15: tapping | D15: none | E15: none | F15: none
A16: P08 | B16: keyway 8 x 4 x 40 with full-radius ends (key fitted afterwards, assembly not machining) | C16: milling | D16: none | E16: R06 | F16: D04

Sheet Reference plan
A1: Reference plan
A2: Reference process plan for the replacement shaft (22 lines; the lines marked 'scored' are the 16 required operations against which the generated plan is scored). S10 and S20 on the CNC lathe; S30 keyway on a milling machine; S40 optional grinding; S50 inspection.
A4: Op | B4: Set-up | C4: Operation and feature | D4: Family | E4: Machine | F4: Tool | G4: Scored? | H4: Judgements | I4: Reviewer verdict | J4: Reviewer comment
A5: 00.00 | B5: S00 | C5: example: face drive end | D5: facing | E5: CNC lathe | F5: CNMG 120408 | G5: scored | H5: J05 | I5: Agree
A6: 10.01 | B6: S10 | C6: Drive-end (DE) face, z = 168.5 | D6: facing | E6: CNC lathe (CNCLatheFanuc0iTD) | F6: CNMG 120408 rough + CNMG 120404 finish pass (TurningInsertRough / TurningInsertFinish) | G6: scored | H6: J05
A7: 10.02 | B7: S10 | C7: Spot/centre on axis before tap drill | D7: centre_drilling | E7: CNC lathe | F7: Spot drill 90 deg or DIN 332-2 form-DS stepped centre drill | G7: conditional | H7: J07
A8: 10.03 | B8: S10 | C8: Tap-drill hole d 6.8, full-diameter depth 25.0 from DE face (R07) | D8: drilling | E8: CNC lathe | F8: HSS twist drill 6.8, 118 deg (DrillBit); axial peck cycle at X0 | G8: scored | H8: J07
A9: 10.04 | B9: S10 | C9: Counterbore d 8.4, flat floor at z = 162.5 (R08) | D9: counterboring | E9: CNC lathe | F9: Flat-bottom counterbore (CounterboreCutter) or step of DIN 332-2 drill | G9: scored | H9: J07, J10
A10: 10.05 | B10: S10 | C10: 60 deg countersink to d 12.2 (R09), DIN 332-2 centre seat | D10: chamfering | E10: CNC lathe | F10: 60 deg countersink / DIN 332-2 stepped drill; NOT in tools.owl (only 90 deg chamfer tools) | G10: scored | H10: J07, J12
A11: 10.06 | B11: S10 | C11: Engage tailstock live 60 deg centre in R09 | D11: setup_element | E11: CNC lathe | F11: Live centre; tailstock not modelled in machines.owl | G11: setup | H11: J05
A12: 10.07a | B12: S10 | C12: Rough turn d 24.0 seat (R05), leave 0.2-0.3 on diameter | D12: rough_turning | E12: CNC lathe | F12: CNMG 120408 (TurningInsertRough) | G12: scored | H12: J01
A13: 10.07b | B13: S10 | C13: Rough turn d 24.95 body (R01) back past NDE face + parting width | D13: rough_turning | E13: CNC lathe | F13: CNMG 120408 (TurningInsertRough) | G13: scored | H13: J01, J17
A14: 10.08a | B14: S10 | C14: Undercut d 23.6 x 1.754 at shaft-end root (R03) | D14: grooving | E14: CNC lathe | F14: Grooving/profiling insert of width <= 1.5 mm with corner radius, or undercut form insert; tools.owl GroovingTool is 2 mm wide | G14: scored | H14: J04, J08
A15: 10.08b | B15: S10 | C15: 15 deg run-out cone d 23.6 -> 24.0 (R04) | D15: grooving|chamfering|finish_turning | E15: CNC lathe | F15: Profiled with the undercut tool or in the finishing contour | G15: scored | H15: J09
A16: 10.09a | B16: S10 | C16: Finish turn d 24 j6 seat (R05): +0.009/-0.004 | D16: finish_turning | E16: CNC lathe | F16: CNMG 120404 (TurningInsertFinish) or 35 deg profiling insert; G42 nose-radius compensation, in-process gauging | G16: scored | H16: J04
A17: 10.09b | B17: S10 | C17: Finish turn d 24.95 body (R01) | D17: finish_turning | E17: CNC lathe | F17: CNMG 120404 (TurningInsertFinish) | G17: scored | H17: J17
... A27: 50.01 | B27: S50 | C27: j6 seat, run-out (IEC 60072-1 class), keyway width/depth (G = 20.0)/symmetry, M8-6H plug gauge, E = 50, GA = 27 after key fitted | D27: inspection | E27: Inspection | F27: Air gauge/micrometer, slot gauge, thread plug gauge | G27: False | H27: J03, J16

Sheet Judgements
A1: Judgements
A2: Judgement calls behind the reference plan and the step verdicts.
A4: Id | B4: Judgement | C4: Reviewer verdict | D4: Reviewer comment
A5: J00 | B5: example: stock is d 30 bar | C5: Agree
A6: J01 | B6: Stock d 30 cold-drawn AISI 1045, about 170 to 210 HB; resolve the HRC 25 versus UTS 570 MPa inconsistency in `materials.owl`.
A7: J02 | B7: The catalogue CAD shows the key fitted; the replacement shaft has keyway 8 x 4 x 40 form A and an M8 threaded centre hole (IEC 60072-1 frame 90).
A8: J03 | B8: Keyway width N9 (normal fit) rather than P9; t1 = 4.0 +0.2; position and symmetry tolerance to be taken from the customer drawing.
A9: J04 | B9: j6 seat by finish turning with in-process gauging; optional cylindrical grinding (S40) because the R03/R04 undercut looks like a grinding relief.
A10: J05 | B10: Workholding: chuck plus tailstock live centre in the DS countersink in S10; reversal on soft jaws on d 24.95 in S20; sequence as in Section 2.
A11: J06 | B11: Thread M8 x 1.25-6H, depth per DIN 332-2; tapping on the lathe at the spindle centreline (not off-machine).
A12: J07 | B12: Centre-hole tooling: separate spot drill, 6.8 drill, 8.4 counterbore and 60 deg countersink, or one DIN 332-2 form-DS stepped centre drill (then 10.02 is not needed).
A13: J08 | B13: The R03 recess needs a grooving or profiling tool; longitudinal turning with an 80 deg CNMG insert is judged unable to form a recess that lies below both neighbouring diameters and is entered over a 15 deg ramp. The 2 mm `GroovingTool` is wider than the 1.754 mm land.
A14: J09 | B14: R04 (15 deg cone) may be produced by grooving/profiling, as a chamfer, or in the finishing contour; all three families accepted.
A15: J10 | B15: R08 is flat-bottomed (B-Rep PLANE at z 162.5), so it is counterbored; pre-drilling it with a 118 deg 8.4 drill is not the reference practice.
A16: J11 | B16: Key-region entities: Boss (entities 10, 18) = the fitted key, not a machined feature of the shaft; Through Hole (11, 12) = misread keyway end radii (real location, wrong family); Slot (13, 14, 22) = keyway (milling, correct family).
A17: J12 | B17: External chamfers are turned with the turning insert in the contour; a rotating chamfer mill cannot be driven on a lathe without driven tooling, and a 90 deg chamfer tool cannot form the 60 deg countersink R09.
... A22: J17 | B22: The modelled 88 mm solid is the complete replacement part (the pipeline makes the same assumption). If z = 80.5 is a truncation of a longer rotor shaft, S20 and 10.11 change and the d 24.95 body may carry a bearing-seat tolerance.

Sheet Step verdicts
A1: Step verdicts
A2: Each of the 32 planned steps, with the authors' verdict on whether its operation family is the one the physical feature requires. Correct/Wrong is about the operation family only, not the tool or the cutting parameters.
A4: Step | B4: Entity | C4: Extracted label | D4: Planned operation | E4: Status | F4: Physical feature | G4: Family it requires | H4: Authors' verdict (Level M) | I4: Reviewer verdict | J4: Reviewer comment
A5: 0 | B5: 0 | C5: Step | D5: rough turning | E5: approved, serialised | F5: lower body | G5: turning | H5: Correct | I5: Agree
A6: 1 | B6: 10 | C6: Boss | D6: facing | E6: approved, refused by the serialiser | F6: keyway | G6: milling | H6: Wrong
A7: 2 | B7: 18 | C7: Boss | D7: facing | E7: approved, refused by the serialiser | F7: keyway | G7: milling | H7: Wrong
A8: 3 | B8: 1 | C8: Step | D8: rough turning | E8: approved, serialised | F8: lower body | G8: turning | H8: Correct
A9: 4 | B9: 3 | C9: Step | D9: rough turning | E9: approved, serialised | F9: groove | G9: grooving | H9: Wrong
A10: 5 | B10: 5 | C10: Step | D10: rough turning | E10: approved, serialised | F10: upper body | G10: turning | H10: Correct
A11: 6 | B11: 10 | C11: Boss | D11: rough turning | E11: approved, refused by the serialiser | F11: keyway | G11: milling | H11: Wrong
A12: 7 | B12: 15 | C12: Cylinder | D12: rough turning | E12: approved, refused by the serialiser | F12: upper body | G12: turning | H12: Correct
A13: 8 | B13: 16 | C13: Cylinder | D13: rough turning | E13: approved, refused by the serialiser | F13: lower body | G13: turning | H13: Correct
A14: 9 | B14: 18 | C14: Boss | D14: rough turning | E14: approved, refused by the serialiser | F14: keyway | G14: milling | H14: Wrong
A15: 10 | B15: 1 | C15: Step | D15: finish turning | E15: approved, serialised | F15: lower body | G15: turning | H15: Correct
A16: 11 | B16: 3 | C16: Step | D16: finish turning | E16: approved, serialised | F16: groove | G16: grooving | H16: Wrong
A17: 12 | B17: 5 | C17: Step | D17: finish turning | E17: approved, serialised | F17: upper body | G17: turning | H17: Correct
... A37: 32 | B37: 22 | C37: Slot | D37: milling | E37: withheld by the gate | F37: keyway | G37: milling | H37: Correct

Sheet Summary
A1: Summary of the review (counts update automatically)
A3: Sheet | B3: Items | C3: Agree | D3: Agree with change | E3: Disagree | F3: Not yet answered
A4: Physical reference | B4: =ROWS('Physical reference'!$G$6:$G$16) -> 11 | C4: =COUNTIF('Physical reference'!$G$6:$G$16,"Agree") -> 0 | D4: =COUNTIF('Physical reference'!$G$6:$G$16,"Agree with change") -> 0 | E4: =COUNTIF('Physical reference'!$G$6:$G$16,"Disagree") -> 0 | F4: =B4-C4-D4-E4 -> 11
A5: Reference plan | B5: =ROWS('Reference plan'!$I$6:$I$27) -> 22 | C5: =COUNTIF('Reference plan'!$I$6:$I$27,"Agree") -> 0 | D5: =COUNTIF('Reference plan'!$I$6:$I$27,"Agree with change") -> 0 | E5: =COUNTIF('Reference plan'!$I$6:$I$27,"Disagree") -> 0 | F5: =B5-C5-D5-E5 -> 22
A6: Judgements | B6: =ROWS(Judgements!$C$6:$C$22) -> 17 | C6: =COUNTIF(Judgements!$C$6:$C$22,"Agree") -> 0 | D6: =COUNTIF(Judgements!$C$6:$C$22,"Agree with change") -> 0 | E6: =COUNTIF(Judgements!$C$6:$C$22,"Disagree") -> 0 | F6: =B6-C6-D6-E6 -> 17
A7: Step verdicts | B7: =ROWS('Step verdicts'!$I$6:$I$37) -> 32 | C7: =COUNTIF('Step verdicts'!$I$6:$I$37,"Agree") -> 0 | D7: =COUNTIF('Step verdicts'!$I$6:$I$37,"Agree with change") -> 0 | E7: =COUNTIF('Step verdicts'!$I$6:$I$37,"Disagree") -> 0 | F7: =B7-C7-D7-E7 -> 32
A8: Total | B8: =SUM(B4:B7) -> 82 | C8: =SUM(C4:C7) -> 0 | D8: =SUM(D4:D7) -> 0 | E8: =SUM(E4:E7) -> 0 | F8: =SUM(F4:F7) -> 82
A10: Ranges exclude the grey example row of each sheet.
